<?xml version="1.0" encoding="UTF-8"?>

<!DOCTYPE faces-config PUBLIC
    "-//Sun Microsystems, Inc.//DTD JavaServer Faces Config 1.1//EN"
    "http://java.sun.com/dtd/web-facesconfig_1_1.dtd">

<faces-config>

    <managed-bean>
        <managed-bean-name>myBean</managed-bean-name>
        <managed-bean-class>
            com.devsphere.articles.jsfupload.MyBean
        </managed-bean-class>
        <managed-bean-scope>request</managed-bean-scope>
    </managed-bean>

    <navigation-rule>
        <from-view-id>/MyForm.jsp</from-view-id>
        <navigation-case>
            <from-outcome>OK</from-outcome>
            <to-view-id>/MyResult.jsp</to-view-id>
        </navigation-case>
    </navigation-rule>

</faces-config>
